{
  "totalRetrievals": 36,
  "averageDurationMs": 54.5,
  "averageFilesRetrieved": 50.083333333333336,
  "averageSymbolsRetrieved": 12.472222222222221,
  "averageTokens": 22580.86111111111,
  "cacheHitRate": 0.5555555555555556,
  "compressionRatioAverage": 0.5795138646197122
}