{
  "totalRetrievals": 43,
  "averageDurationMs": 1.6976744186046515,
  "averageFilesRetrieved": 0,
  "averageSymbolsRetrieved": 0,
  "averageTokens": 763.2093023255813,
  "cacheHitRate": 0.8372093023255811,
  "compressionRatioAverage": 0.9989113012973659
}