{
  "totalRetrievals": 46,
  "averageDurationMs": 34.630434782608695,
  "averageFilesRetrieved": 0,
  "averageSymbolsRetrieved": 0,
  "averageTokens": 763.304347826087,
  "cacheHitRate": 0.8043478260869562,
  "compressionRatioAverage": 0.9589498608858579
}