{
  "totalRetrievals": 51,
  "averageDurationMs": 67.37254901960785,
  "averageFilesRetrieved": 2.156862745098039,
  "averageSymbolsRetrieved": 0,
  "averageTokens": 835.6666666666666,
  "cacheHitRate": 0.7843137254901958,
  "compressionRatioAverage": 0.9261743356096802
}