{
  "totalRetrievals": 3,
  "averageDurationMs": 0.6666666666666666,
  "averageFilesRetrieved": 0,
  "averageSymbolsRetrieved": 0,
  "averageTokens": 218,
  "cacheHitRate": 0.6666666666666666,
  "compressionRatioAverage": 0.995475113122172
}